Workbook

Sheet Hypotheses
A1: Hypotheses structurelles (source : src/config.py)
A3: Taille de cargaison (TBtu) | B3: 3.5
A4: Boil-off (%/jour) | B4: 0.001
A5: Multiplicateur feedgas (x Henry Hub) | B5: 1.15
A6: Tolling fee liquefaction ($/MMBtu) | B6: 3
A7: Jours de mer - Europe | B7: 14
A8: Jours de mer - Asie (Panama) | B8: 27
A9: Jours de mer - Asie (Cap) | B9: 37
A10: Peage du canal de Panama ($) | B10: 900000
A11: Conversion MWh -> MMBtu | B11: 3.412
A12: Frais de regaz - Europe ($/MMBtu) | B12: 0.4
A13: Frais de regaz - Asie ($/MMBtu) | B13: 0.5
A15: Parametres de marche (modifiables - a mettre a jour depuis l'actu)
A17: TTF (EUR/MWh) | B17: 32
A18: Taux de change EUR/USD | B18: 1.08
A19: Henry Hub ($/MMBtu) | B19: 3.2
A20: JKM ($/MMBtu) - hypothese fragile, pas de source gratuite | B20: 11.5
A21: Taux d'affretement ($/jour) - hypothese fragile | B21: 65000
A22: Route Asie retenue | B22: Panama
A24: Cellules en jaune = a ajuster toi-meme (voir README, section 'Fraicheur des hypotheses')

Sheet Netback
A1: Comparaison Europe / Asie (meme formule que src/netback.py)
B2: Europe | C2: Asie
A3: Prix rendu ($/MMBtu) | B3: =Hypotheses!$B$17/Hypotheses!$B$11*Hypotheses!$B$18 | C3: =Hypotheses!$B$20
A4: Cout FOB ($/MMBtu) | B4: =Hypotheses!$B$5*Hypotheses!$B$19+Hypotheses!$B$6 | C4: =B4
A5: Jours de mer | B5: =Hypotheses!$B$7 | C5: =IF(Hypotheses!$B$22="Panama",Hypotheses!$B$8,Hypotheses!$B$9)
A6: Fret ($/MMBtu) | B6: =Hypotheses!$B$21*B5/(Hypotheses!$B$3*1000000) | C6: =(Hypotheses!$B$21*C5+IF(Hypotheses!$B$22="Panama",Hypotheses!$B$10,0))/(Hypotheses!$B$3*1000000)
A7: Perte boil-off ($/MMBtu) | B7: =Hypotheses!$B$4*B5*B3 | C7: =Hypotheses!$B$4*C5*C3
A8: Frais de regaz ($/MMBtu) | B8: =Hypotheses!$B$12 | C8: =Hypotheses!$B$13
A9: Netback ($/MMBtu) | B9: =B3-B4-B6-B7-B8 | C9: =C3-C4-C6-C7-C8
A11: Destination recommandee | B11: =IF(B9>C9,"Europe","Asie")
A12: Ecart (Asie - Europe, $/MMBtu) | B12: =C9-B9

Sheet Sensibilite
A1: Sensibilite : ecart de netback (Asie - Europe), en $/MMBtu
A2: Positif (vert) = l'Asie l'emporte. Negatif (rouge) = l'Europe l'emporte. La ligne ou la couleur change de signe est la frontiere de bascule.
B3: Taux de fret \ Ecart JKM-TTF | C3: -1 | D3: -0.5 | E3: 0 | F3: 0.5 | G3: 1 | H3: 1.5 | I3: 2
B4: 30000 | C4: =(((Hypotheses!$B$17/Hypotheses!$B$11*Hypotheses!$B$18)+C$3)-(Hypotheses!$B$5*Hypotheses!$B$19+Hypotheses!$B$6)-(($B4*(IF(Hypotheses!$B$22="Panama",Hypotheses!$B$8,Hypotheses!$B$9))+(IF(Hypotheses!$B$22="Panama",Hypotheses!$B$10,0)))/(Hypotheses!$B$3*1000000))-Hypotheses!$B$4*(IF(Hypotheses!$B$22="Panama",Hypotheses!$B$8,Hypotheses!$B$9))*((Hypotheses!$B$17/Hypotheses!$B$11*Hypotheses!$B$18)+C$3)-Hypotheses!$B$13)-((Hypotheses!$B$17/Hypotheses!$B$11*Hypotheses!$B$18)-(Hypotheses!$B$5*Hypotheses!$B$19+Hypotheses!$B$6)-($B4*Hypotheses!$B$7/(Hypotheses!$B$3*1000000))-Hypotheses!$B$4*Hypotheses!$B$7*(Hypotheses!$B$17/Hypotheses!$B$11*Hypotheses!$B$18)-Hypotheses!$B$12) | D4: =(((Hypotheses!$B$17/Hypotheses!$B$11*Hypotheses!$B$18)+D$3)-(Hypotheses!$B$5*Hypotheses!$B$19+Hypotheses!$B$6)-(($B4*(IF(Hypotheses!$B$22="Panama",Hypotheses!$B$8,Hypotheses!$B$9))+(IF(Hypotheses!$B$22="Panama",Hypotheses!$B$10,0)))/(Hypotheses!$B$3*1000000))-Hypotheses!$B$4*(IF(Hypotheses!$B$22="Panama",Hypotheses!$B$8,Hypotheses!$B$9))*((Hypotheses!$B$17/Hypotheses!$B$11*Hypotheses!$B$18)+D$3)-Hypotheses!$B$13)-((Hypotheses!$B$17/Hypotheses!$B$11*Hypotheses!$B$18)-(Hypotheses!$B$5*Hypotheses!$B$19+Hypotheses!$B$6)-($B4*Hypotheses!$B$7/(Hypotheses!$B$3*1000000))-Hypotheses!$B$4*Hypotheses!$B$7*(Hypotheses!$B$17/Hypotheses!$B$11*Hypotheses!$B$18)-Hypotheses!$B$12) | E4: =(((Hypotheses!$B$17/Hypotheses!$B$11*Hypotheses!$B$18)+E$3)-(Hypotheses!$B$5*Hypotheses!$B$19+Hypotheses!$B$6)-(($B4*(IF(Hypotheses!$B$22="Panama",Hypotheses!$B$8,Hypotheses!$B$9))+(IF(Hypotheses!$B$22="Panama",Hypotheses!$B$10,0)))/(Hypotheses!$B$3*1000000))-Hypotheses!$B$4*(IF(Hypotheses!$B$22="Panama",Hypotheses!$B$8,Hypotheses!$B$9))*((Hypotheses!$B$17/Hypotheses!$B$11*Hypotheses!$B$18)+E$3)-Hypotheses!$B$13)-((Hypotheses!$B$17/Hypotheses!$B$11*Hypotheses!$B$18)-(Hypotheses!$B$5*Hypotheses!$B$19+Hypotheses!$B$6)-($B4*Hypotheses!$B$7/(Hypotheses!$B$3*1000000))-Hypotheses!$B$4*Hypotheses!$B$7*(Hypotheses!$B$17/Hypotheses!$B$11*Hypotheses!$B$18)-Hypotheses!$B$12) | F4: =(((Hypotheses!$B$17/Hypotheses!$B$11*Hypotheses!$B$18)+F$3)-(Hypotheses!$B$5*Hypotheses!$B$19+Hypotheses!$B$6)-(($B4*(IF(Hypotheses!$B$22="Panama",Hypotheses!$B$8,Hypotheses!$B$9))+(IF(Hypotheses!$B$22="Panama",Hypotheses!$B$10,0)))/(Hypotheses!$B$3*1000000))-Hypotheses!$B$4*(IF(Hypotheses!$B$22="Panama",Hypotheses!$B$8,Hypotheses!$B$9))*((Hypotheses!$B$17/Hypotheses!$B$11*Hypotheses!$B$18)+F$3)-Hypotheses!$B$13)-((Hypotheses!$B$17/Hypotheses!$B$11*Hypotheses!$B$18)-(Hypotheses!$B$5*Hypotheses!$B$19+Hypotheses!$B$6)-($B4*Hypotheses!$B$7/(Hypotheses!$B$3*1000000))-Hypotheses!$B$4*Hypotheses!$B$7*(Hypotheses!$B$17/Hypotheses!$B$11*Hypotheses!$B$18)-Hypotheses!$B$12) | G4: =(((Hypotheses!$B$17/Hypotheses!$B$11*Hypotheses!$B$18)+G$3)-(Hypotheses!$B$5*Hypotheses!$B$19+Hypotheses!$B$6)-(($B4*(IF(Hypotheses!$B$22="Panama",Hypotheses!$B$8,Hypotheses!$B$9))+(IF(Hypotheses!$B$22="Panama",Hypotheses!$B$10,0)))/(Hypotheses!$B$3*1000000))-Hypotheses!$B$4*(IF(Hypotheses!$B$22="Panama",Hypotheses!$B$8,Hypotheses!$B$9))*((Hypotheses!$B$17/Hypotheses!$B$11*Hypotheses!$B$18)+G$3)-Hypotheses!$B$13)-((Hypotheses!$B$17/Hypotheses!$B$11*Hypotheses!$B$18)-(Hypotheses!$B$5*Hypotheses!$B$19+Hypotheses!$B$6)-($B4*Hypotheses!$B$7/(Hypotheses!$B$3*1000000))-Hypotheses!$B$4*Hypotheses!$B$7*(Hypotheses!$B$17/Hypotheses!$B$11*Hypotheses!$B$18)-Hypotheses!$B$12) | H4: =(((Hypotheses!$B$17/Hypotheses!$B$11*Hypotheses!$B$18)+H$3)-(Hypotheses!$B$5*Hypotheses!$B$19+Hypotheses!$B$6)-(($B4*(IF(Hypotheses!$B$22="Panama",Hypotheses!$B$8,Hypotheses!$B$9))+(IF(Hypotheses!$B$22="Panama",Hypotheses!$B$10,0)))/(Hypotheses!$B$3*1000000))-Hypotheses!$B$4*(IF(Hypotheses!$B$22="Panama",Hypotheses!$B$8,Hypotheses!$B$9))*((Hypotheses!$B$17/Hypotheses!$B$11*Hypotheses!$B$18)+H$3)-Hypotheses!$B$13)-((Hypotheses!$B$17/Hypotheses!$B$11*Hypotheses!$B$18)-(Hypotheses!$B$5*Hypotheses!$B$19+Hypotheses!$B$6)-($B4*Hypotheses!$B$7/(Hypotheses!$B$3*1000000))-Hypotheses!$B$4*Hypotheses!$B$7*(Hypotheses!$B$17/Hypotheses!$B$11*Hypotheses!$B$18)-Hypotheses!$B$12) | I4: =(((Hypotheses!$B$17/Hypotheses!$B$11*Hypotheses!$B$18)+I$3)-(Hypotheses!$B$5*Hypotheses!$B$19+Hypotheses!$B$6)-(($B4*(IF(Hypotheses!$B$22="Panama",Hypotheses!$B$8,Hypotheses!$B$9))+(IF(Hypotheses!$B$22="Panama",Hypotheses!$B$10,0)))/(Hypotheses!$B$3*1000000))-Hypotheses!$B$4*(IF(Hypotheses!$B$22="Panama",Hypotheses!$B$8,Hypotheses!$B$9))*((Hypotheses!$B$17/Hypotheses!$B$11*Hypotheses!$B$18)+I$3)-Hypotheses!$B$13)-((Hypotheses!$B$17/Hypotheses!$B$11*Hypotheses!$B$18)-(Hypotheses!$B$5*Hypotheses!$B$19+Hypotheses!$B$6)-($B4*Hypotheses!$B$7/(Hypotheses!$B$3*1000000))-Hypotheses!$B$4*Hypotheses!$B$7*(Hypotheses!$B$17/Hypotheses!$B$11*Hypotheses!$B$18)-Hypotheses!$B$12)
B5: 50000 | C5: =(((Hypotheses!$B$17/Hypotheses!$B$11*Hypotheses!$B$18)+C$3)-(Hypotheses!$B$5*Hypotheses!$B$19+Hypotheses!$B$6)-(($B5*(IF(Hypotheses!$B$22="Panama",Hypotheses!$B$8,Hypotheses!$B$9))+(IF(Hypotheses!$B$22="Panama",Hypotheses!$B$10,0)))/(Hypotheses!$B$3*1000000))-Hypotheses!$B$4*(IF(Hypotheses!$B$22="Panama",Hypotheses!$B$8,Hypotheses!$B$9))*((Hypotheses!$B$17/Hypotheses!$B$11*Hypotheses!$B$18)+C$3)-Hypotheses!$B$13)-((Hypotheses!$B$17/Hypotheses!$B$11*Hypotheses!$B$18)-(Hypotheses!$B$5*Hypotheses!$B$19+Hypotheses!$B$6)-($B5*Hypotheses!$B$7/(Hypotheses!$B$3*1000000))-Hypotheses!$B$4*Hypotheses!$B$7*(Hypotheses!$B$17/Hypotheses!$B$11*Hypotheses!$B$18)-Hypotheses!$B$12) | D5: =(((Hypotheses!$B$17/Hypotheses!$B$11*Hypotheses!$B$18)+D$3)-(Hypotheses!$B$5*Hypotheses!$B$19+Hypotheses!$B$6)-(($B5*(IF(Hypotheses!$B$22="Panama",Hypotheses!$B$8,Hypotheses!$B$9))+(IF(Hypotheses!$B$22="Panama",Hypotheses!$B$10,0)))/(Hypotheses!$B$3*1000000))-Hypotheses!$B$4*(IF(Hypotheses!$B$22="Panama",Hypotheses!$B$8,Hypotheses!$B$9))*((Hypotheses!$B$17/Hypotheses!$B$11*Hypotheses!$B$18)+D$3)-Hypotheses!$B$13)-((Hypotheses!$B$17/Hypotheses!$B$11*Hypotheses!$B$18)-(Hypotheses!$B$5*Hypotheses!$B$19+Hypotheses!$B$6)-($B5*Hypotheses!$B$7/(Hypotheses!$B$3*1000000))-Hypotheses!$B$4*Hypotheses!$B$7*(Hypotheses!$B$17/Hypotheses!$B$11*Hypotheses!$B$18)-Hypotheses!$B$12) | E5: =(((Hypotheses!$B$17/Hypotheses!$B$11*Hypotheses!$B$18)+E$3)-(Hypotheses!$B$5*Hypotheses!$B$19+Hypotheses!$B$6)-(($B5*(IF(Hypotheses!$B$22="Panama",Hypotheses!$B$8,Hypotheses!$B$9))+(IF(Hypotheses!$B$22="Panama",Hypotheses!$B$10,0)))/(Hypotheses!$B$3*1000000))-Hypotheses!$B$4*(IF(Hypotheses!$B$22="Panama",Hypotheses!$B$8,Hypotheses!$B$9))*((Hypotheses!$B$17/Hypotheses!$B$11*Hypotheses!$B$18)+E$3)-Hypotheses!$B$13)-((Hypotheses!$B$17/Hypotheses!$B$11*Hypotheses!$B$18)-(Hypotheses!$B$5*Hypotheses!$B$19+Hypotheses!$B$6)-($B5*Hypotheses!$B$7/(Hypotheses!$B$3*1000000))-Hypotheses!$B$4*Hypotheses!$B$7*(Hypotheses!$B$17/Hypotheses!$B$11*Hypotheses!$B$18)-Hypotheses!$B$12) | F5: =(((Hypotheses!$B$17/Hypotheses!$B$11*Hypotheses!$B$18)+F$3)-(Hypotheses!$B$5*Hypotheses!$B$19+Hypotheses!$B$6)-(($B5*(IF(Hypotheses!$B$22="Panama",Hypotheses!$B$8,Hypotheses!$B$9))+(IF(Hypotheses!$B$22="Panama",Hypotheses!$B$10,0)))/(Hypotheses!$B$3*1000000))-Hypotheses!$B$4*(IF(Hypotheses!$B$22="Panama",Hypotheses!$B$8,Hypotheses!$B$9))*((Hypotheses!$B$17/Hypotheses!$B$11*Hypotheses!$B$18)+F$3)-Hypotheses!$B$13)-((Hypotheses!$B$17/Hypotheses!$B$11*Hypotheses!$B$18)-(Hypotheses!$B$5*Hypotheses!$B$19+Hypotheses!$B$6)-($B5*Hypotheses!$B$7/(Hypotheses!$B$3*1000000))-Hypotheses!$B$4*Hypotheses!$B$7*(Hypotheses!$B$17/Hypotheses!$B$11*Hypotheses!$B$18)-Hypotheses!$B$12) | G5: =(((Hypotheses!$B$17/Hypotheses!$B$11*Hypotheses!$B$18)+G$3)-(Hypotheses!$B$5*Hypotheses!$B$19+Hypotheses!$B$6)-(($B5*(IF(Hypotheses!$B$22="Panama",Hypotheses!$B$8,Hypotheses!$B$9))+(IF(Hypotheses!$B$22="Panama",Hypotheses!$B$10,0)))/(Hypotheses!$B$3*1000000))-Hypotheses!$B$4*(IF(Hypotheses!$B$22="Panama",Hypotheses!$B$8,Hypotheses!$B$9))*((Hypotheses!$B$17/Hypotheses!$B$11*Hypotheses!$B$18)+G$3)-Hypotheses!$B$13)-((Hypotheses!$B$17/Hypotheses!$B$11*Hypotheses!$B$18)-(Hypotheses!$B$5*Hypotheses!$B$19+Hypotheses!$B$6)-($B5*Hypotheses!$B$7/(Hypotheses!$B$3*1000000))-Hypotheses!$B$4*Hypotheses!$B$7*(Hypotheses!$B$17/Hypotheses!$B$11*Hypotheses!$B$18)-Hypotheses!$B$12) | H5: =(((Hypotheses!$B$17/Hypotheses!$B$11*Hypotheses!$B$18)+H$3)-(Hypotheses!$B$5*Hypotheses!$B$19+Hypotheses!$B$6)-(($B5*(IF(Hypotheses!$B$22="Panama",Hypotheses!$B$8,Hypotheses!$B$9))+(IF(Hypotheses!$B$22="Panama",Hypotheses!$B$10,0)))/(Hypotheses!$B$3*1000000))-Hypotheses!$B$4*(IF(Hypotheses!$B$22="Panama",Hypotheses!$B$8,Hypotheses!$B$9))*((Hypotheses!$B$17/Hypotheses!$B$11*Hypotheses!$B$18)+H$3)-Hypotheses!$B$13)-((Hypotheses!$B$17/Hypotheses!$B$11*Hypotheses!$B$18)-(Hypotheses!$B$5*Hypotheses!$B$19+Hypotheses!$B$6)-($B5*Hypotheses!$B$7/(Hypotheses!$B$3*1000000))-Hypotheses!$B$4*Hypotheses!$B$7*(Hypotheses!$B$17/Hypotheses!$B$11*Hypotheses!$B$18)-Hypotheses!$B$12) | I5: =(((Hypotheses!$B$17/Hypotheses!$B$11*Hypotheses!$B$18)+I$3)-(Hypotheses!$B$5*Hypotheses!$B$19+Hypotheses!$B$6)-(($B5*(IF(Hypotheses!$B$22="Panama",Hypotheses!$B$8,Hypotheses!$B$9))+(IF(Hypotheses!$B$22="Panama",Hypotheses!$B$10,0)))/(Hypotheses!$B$3*1000000))-Hypotheses!$B$4*(IF(Hypotheses!$B$22="Panama",Hypotheses!$B$8,Hypotheses!$B$9))*((Hypotheses!$B$17/Hypotheses!$B$11*Hypotheses!$B$18)+I$3)-Hypotheses!$B$13)-((Hypotheses!$B$17/Hypotheses!$B$11*Hypotheses!$B$18)-(Hypotheses!$B$5*Hypotheses!$B$19+Hypotheses!$B$6)-($B5*Hypotheses!$B$7/(Hypotheses!$B$3*1000000))-Hypotheses!$B$4*Hypotheses!$B$7*(Hypotheses!$B$17/Hypotheses!$B$11*Hypotheses!$B$18)-Hypotheses!$B$12)
B6: 70000 | C6: =(((Hypotheses!$B$17/Hypotheses!$B$11*Hypotheses!$B$18)+C$3)-(Hypotheses!$B$5*Hypotheses!$B$19+Hypotheses!$B$6)-(($B6*(IF(Hypotheses!$B$22="Panama",Hypotheses!$B$8,Hypotheses!$B$9))+(IF(Hypotheses!$B$22="Panama",Hypotheses!$B$10,0)))/(Hypotheses!$B$3*1000000))-Hypotheses!$B$4*(IF(Hypotheses!$B$22="Panama",Hypotheses!$B$8,Hypotheses!$B$9))*((Hypotheses!$B$17/Hypotheses!$B$11*Hypotheses!$B$18)+C$3)-Hypotheses!$B$13)-((Hypotheses!$B$17/Hypotheses!$B$11*Hypotheses!$B$18)-(Hypotheses!$B$5*Hypotheses!$B$19+Hypotheses!$B$6)-($B6*Hypotheses!$B$7/(Hypotheses!$B$3*1000000))-Hypotheses!$B$4*Hypotheses!$B$7*(Hypotheses!$B$17/Hypotheses!$B$11*Hypotheses!$B$18)-Hypotheses!$B$12) | D6: =(((Hypotheses!$B$17/Hypotheses!$B$11*Hypotheses!$B$18)+D$3)-(Hypotheses!$B$5*Hypotheses!$B$19+Hypotheses!$B$6)-(($B6*(IF(Hypotheses!$B$22="Panama",Hypotheses!$B$8,Hypotheses!$B$9))+(IF(Hypotheses!$B$22="Panama",Hypotheses!$B$10,0)))/(Hypotheses!$B$3*1000000))-Hypotheses!$B$4*(IF(Hypotheses!$B$22="Panama",Hypotheses!$B$8,Hypotheses!$B$9))*((Hypotheses!$B$17/Hypotheses!$B$11*Hypotheses!$B$18)+D$3)-Hypotheses!$B$13)-((Hypotheses!$B$17/Hypotheses!$B$11*Hypotheses!$B$18)-(Hypotheses!$B$5*Hypotheses!$B$19+Hypotheses!$B$6)-($B6*Hypotheses!$B$7/(Hypotheses!$B$3*1000000))-Hypotheses!$B$4*Hypotheses!$B$7*(Hypotheses!$B$17/Hypotheses!$B$11*Hypotheses!$B$18)-Hypotheses!$B$12) | E6: =(((Hypotheses!$B$17/Hypotheses!$B$11*Hypotheses!$B$18)+E$3)-(Hypotheses!$B$5*Hypotheses!$B$19+Hypotheses!$B$6)-(($B6*(IF(Hypotheses!$B$22="Panama",Hypotheses!$B$8,Hypotheses!$B$9))+(IF(Hypotheses!$B$22="Panama",Hypotheses!$B$10,0)))/(Hypotheses!$B$3*1000000))-Hypotheses!$B$4*(IF(Hypotheses!$B$22="Panama",Hypotheses!$B$8,Hypotheses!$B$9))*((Hypotheses!$B$17/Hypotheses!$B$11*Hypotheses!$B$18)+E$3)-Hypotheses!$B$13)-((Hypotheses!$B$17/Hypotheses!$B$11*Hypotheses!$B$18)-(Hypotheses!$B$5*Hypotheses!$B$19+Hypotheses!$B$6)-($B6*Hypotheses!$B$7/(Hypotheses!$B$3*1000000))-Hypotheses!$B$4*Hypotheses!$B$7*(Hypotheses!$B$17/Hypotheses!$B$11*Hypotheses!$B$18)-Hypotheses!$B$12) | F6: =(((Hypotheses!$B$17/Hypotheses!$B$11*Hypotheses!$B$18)+F$3)-(Hypotheses!$B$5*Hypotheses!$B$19+Hypotheses!$B$6)-(($B6*(IF(Hypotheses!$B$22="Panama",Hypotheses!$B$8,Hypotheses!$B$9))+(IF(Hypotheses!$B$22="Panama",Hypotheses!$B$10,0)))/(Hypotheses!$B$3*1000000))-Hypotheses!$B$4*(IF(Hypotheses!$B$22="Panama",Hypotheses!$B$8,Hypotheses!$B$9))*((Hypotheses!$B$17/Hypotheses!$B$11*Hypotheses!$B$18)+F$3)-Hypotheses!$B$13)-((Hypotheses!$B$17/Hypotheses!$B$11*Hypotheses!$B$18)-(Hypotheses!$B$5*Hypotheses!$B$19+Hypotheses!$B$6)-($B6*Hypotheses!$B$7/(Hypotheses!$B$3*1000000))-Hypotheses!$B$4*Hypotheses!$B$7*(Hypotheses!$B$17/Hypotheses!$B$11*Hypotheses!$B$18)-Hypotheses!$B$12) | G6: =(((Hypotheses!$B$17/Hypotheses!$B$11*Hypotheses!$B$18)+G$3)-(Hypotheses!$B$5*Hypotheses!$B$19+Hypotheses!$B$6)-(($B6*(IF(Hypotheses!$B$22="Panama",Hypotheses!$B$8,Hypotheses!$B$9))+(IF(Hypotheses!$B$22="Panama",Hypotheses!$B$10,0)))/(Hypotheses!$B$3*1000000))-Hypotheses!$B$4*(IF(Hypotheses!$B$22="Panama",Hypotheses!$B$8,Hypotheses!$B$9))*((Hypotheses!$B$17/Hypotheses!$B$11*Hypotheses!$B$18)+G$3)-Hypotheses!$B$13)-((Hypotheses!$B$17/Hypotheses!$B$11*Hypotheses!$B$18)-(Hypotheses!$B$5*Hypotheses!$B$19+Hypotheses!$B$6)-($B6*Hypotheses!$B$7/(Hypotheses!$B$3*1000000))-Hypotheses!$B$4*Hypotheses!$B$7*(Hypotheses!$B$17/Hypotheses!$B$11*Hypotheses!$B$18)-Hypotheses!$B$12) | H6: =(((Hypotheses!$B$17/Hypotheses!$B$11*Hypotheses!$B$18)+H$3)-(Hypotheses!$B$5*Hypotheses!$B$19+Hypotheses!$B$6)-(($B6*(IF(Hypotheses!$B$22="Panama",Hypotheses!$B$8,Hypotheses!$B$9))+(IF(Hypotheses!$B$22="Panama",Hypotheses!$B$10,0)))/(Hypotheses!$B$3*1000000))-Hypotheses!$B$4*(IF(Hypotheses!$B$22="Panama",Hypotheses!$B$8,Hypotheses!$B$9))*((Hypotheses!$B$17/Hypotheses!$B$11*Hypotheses!$B$18)+H$3)-Hypotheses!$B$13)-((Hypotheses!$B$17/Hypotheses!$B$11*Hypotheses!$B$18)-(Hypotheses!$B$5*Hypotheses!$B$19+Hypotheses!$B$6)-($B6*Hypotheses!$B$7/(Hypotheses!$B$3*1000000))-Hypotheses!$B$4*Hypotheses!$B$7*(Hypotheses!$B$17/Hypotheses!$B$11*Hypotheses!$B$18)-Hypotheses!$B$12) | I6: =(((Hypotheses!$B$17/Hypotheses!$B$11*Hypotheses!$B$18)+I$3)-(Hypotheses!$B$5*Hypotheses!$B$19+Hypotheses!$B$6)-(($B6*(IF(Hypotheses!$B$22="Panama",Hypotheses!$B$8,Hypotheses!$B$9))+(IF(Hypotheses!$B$22="Panama",Hypotheses!$B$10,0)))/(Hypotheses!$B$3*1000000))-Hypotheses!$B$4*(IF(Hypotheses!$B$22="Panama",Hypotheses!$B$8,Hypotheses!$B$9))*((Hypotheses!$B$17/Hypotheses!$B$11*Hypotheses!$B$18)+I$3)-Hypotheses!$B$13)-((Hypotheses!$B$17/Hypotheses!$B$11*Hypotheses!$B$18)-(Hypotheses!$B$5*Hypotheses!$B$19+Hypotheses!$B$6)-($B6*Hypotheses!$B$7/(Hypotheses!$B$3*1000000))-Hypotheses!$B$4*Hypotheses!$B$7*(Hypotheses!$B$17/Hypotheses!$B$11*Hypotheses!$B$18)-Hypotheses!$B$12)
B7: 90000 | C7: =(((Hypotheses!$B$17/Hypotheses!$B$11*Hypotheses!$B$18)+C$3)-(Hypotheses!$B$5*Hypotheses!$B$19+Hypotheses!$B$6)-(($B7*(IF(Hypotheses!$B$22="Panama",Hypotheses!$B$8,Hypotheses!$B$9))+(IF(Hypotheses!$B$22="Panama",Hypotheses!$B$10,0)))/(Hypotheses!$B$3*1000000))-Hypotheses!$B$4*(IF(Hypotheses!$B$22="Panama",Hypotheses!$B$8,Hypotheses!$B$9))*((Hypotheses!$B$17/Hypotheses!$B$11*Hypotheses!$B$18)+C$3)-Hypotheses!$B$13)-((Hypotheses!$B$17/Hypotheses!$B$11*Hypotheses!$B$18)-(Hypotheses!$B$5*Hypotheses!$B$19+Hypotheses!$B$6)-($B7*Hypotheses!$B$7/(Hypotheses!$B$3*1000000))-Hypotheses!$B$4*Hypotheses!$B$7*(Hypotheses!$B$17/Hypotheses!$B$11*Hypotheses!$B$18)-Hypotheses!$B$12) | D7: =(((Hypotheses!$B$17/Hypotheses!$B$11*Hypotheses!$B$18)+D$3)-(Hypotheses!$B$5*Hypotheses!$B$19+Hypotheses!$B$6)-(($B7*(IF(Hypotheses!$B$22="Panama",Hypotheses!$B$8,Hypotheses!$B$9))+(IF(Hypotheses!$B$22="Panama",Hypotheses!$B$10,0)))/(Hypotheses!$B$3*1000000))-Hypotheses!$B$4*(IF(Hypotheses!$B$22="Panama",Hypotheses!$B$8,Hypotheses!$B$9))*((Hypotheses!$B$17/Hypotheses!$B$11*Hypotheses!$B$18)+D$3)-Hypotheses!$B$13)-((Hypotheses!$B$17/Hypotheses!$B$11*Hypotheses!$B$18)-(Hypotheses!$B$5*Hypotheses!$B$19+Hypotheses!$B$6)-($B7*Hypotheses!$B$7/(Hypotheses!$B$3*1000000))-Hypotheses!$B$4*Hypotheses!$B$7*(Hypotheses!$B$17/Hypotheses!$B$11*Hypotheses!$B$18)-Hypotheses!$B$12) | E7: =(((Hypotheses!$B$17/Hypotheses!$B$11*Hypotheses!$B$18)+E$3)-(Hypotheses!$B$5*Hypotheses!$B$19+Hypotheses!$B$6)-(($B7*(IF(Hypotheses!$B$22="Panama",Hypotheses!$B$8,Hypotheses!$B$9))+(IF(Hypotheses!$B$22="Panama",Hypotheses!$B$10,0)))/(Hypotheses!$B$3*1000000))-Hypotheses!$B$4*(IF(Hypotheses!$B$22="Panama",Hypotheses!$B$8,Hypotheses!$B$9))*((Hypotheses!$B$17/Hypotheses!$B$11*Hypotheses!$B$18)+E$3)-Hypotheses!$B$13)-((Hypotheses!$B$17/Hypotheses!$B$11*Hypotheses!$B$18)-(Hypotheses!$B$5*Hypotheses!$B$19+Hypotheses!$B$6)-($B7*Hypotheses!$B$7/(Hypotheses!$B$3*1000000))-Hypotheses!$B$4*Hypotheses!$B$7*(Hypotheses!$B$17/Hypotheses!$B$11*Hypotheses!$B$18)-Hypotheses!$B$12) | F7: =(((Hypotheses!$B$17/Hypotheses!$B$11*Hypotheses!$B$18)+F$3)-(Hypotheses!$B$5*Hypotheses!$B$19+Hypotheses!$B$6)-(($B7*(IF(Hypotheses!$B$22="Panama",Hypotheses!$B$8,Hypotheses!$B$9))+(IF(Hypotheses!$B$22="Panama",Hypotheses!$B$10,0)))/(Hypotheses!$B$3*1000000))-Hypotheses!$B$4*(IF(Hypotheses!$B$22="Panama",Hypotheses!$B$8,Hypotheses!$B$9))*((Hypotheses!$B$17/Hypotheses!$B$11*Hypotheses!$B$18)+F$3)-Hypotheses!$B$13)-((Hypotheses!$B$17/Hypotheses!$B$11*Hypotheses!$B$18)-(Hypotheses!$B$5*Hypotheses!$B$19+Hypotheses!$B$6)-($B7*Hypotheses!$B$7/(Hypotheses!$B$3*1000000))-Hypotheses!$B$4*Hypotheses!$B$7*(Hypotheses!$B$17/Hypotheses!$B$11*Hypotheses!$B$18)-Hypotheses!$B$12) | G7: =(((Hypotheses!$B$17/Hypotheses!$B$11*Hypotheses!$B$18)+G$3)-(Hypotheses!$B$5*Hypotheses!$B$19+Hypotheses!$B$6)-(($B7*(IF(Hypotheses!$B$22="Panama",Hypotheses!$B$8,Hypotheses!$B$9))+(IF(Hypotheses!$B$22="Panama",Hypotheses!$B$10,0)))/(Hypotheses!$B$3*1000000))-Hypotheses!$B$4*(IF(Hypotheses!$B$22="Panama",Hypotheses!$B$8,Hypotheses!$B$9))*((Hypotheses!$B$17/Hypotheses!$B$11*Hypotheses!$B$18)+G$3)-Hypotheses!$B$13)-((Hypotheses!$B$17/Hypotheses!$B$11*Hypotheses!$B$18)-(Hypotheses!$B$5*Hypotheses!$B$19+Hypotheses!$B$6)-($B7*Hypotheses!$B$7/(Hypotheses!$B$3*1000000))-Hypotheses!$B$4*Hypotheses!$B$7*(Hypotheses!$B$17/Hypotheses!$B$11*Hypotheses!$B$18)-Hypotheses!$B$12) | H7: =(((Hypotheses!$B$17/Hypotheses!$B$11*Hypotheses!$B$18)+H$3)-(Hypotheses!$B$5*Hypotheses!$B$19+Hypotheses!$B$6)-(($B7*(IF(Hypotheses!$B$22="Panama",Hypotheses!$B$8,Hypotheses!$B$9))+(IF(Hypotheses!$B$22="Panama",Hypotheses!$B$10,0)))/(Hypotheses!$B$3*1000000))-Hypotheses!$B$4*(IF(Hypotheses!$B$22="Panama",Hypotheses!$B$8,Hypotheses!$B$9))*((Hypotheses!$B$17/Hypotheses!$B$11*Hypotheses!$B$18)+H$3)-Hypotheses!$B$13)-((Hypotheses!$B$17/Hypotheses!$B$11*Hypotheses!$B$18)-(Hypotheses!$B$5*Hypotheses!$B$19+Hypotheses!$B$6)-($B7*Hypotheses!$B$7/(Hypotheses!$B$3*1000000))-Hypotheses!$B$4*Hypotheses!$B$7*(Hypotheses!$B$17/Hypotheses!$B$11*Hypotheses!$B$18)-Hypotheses!$B$12) | I7: =(((Hypotheses!$B$17/Hypotheses!$B$11*Hypotheses!$B$18)+I$3)-(Hypotheses!$B$5*Hypotheses!$B$19+Hypotheses!$B$6)-(($B7*(IF(Hypotheses!$B$22="Panama",Hypotheses!$B$8,Hypotheses!$B$9))+(IF(Hypotheses!$B$22="Panama",Hypotheses!$B$10,0)))/(Hypotheses!$B$3*1000000))-Hypotheses!$B$4*(IF(Hypotheses!$B$22="Panama",Hypotheses!$B$8,Hypotheses!$B$9))*((Hypotheses!$B$17/Hypotheses!$B$11*Hypotheses!$B$18)+I$3)-Hypotheses!$B$13)-((Hypotheses!$B$17/Hypotheses!$B$11*Hypotheses!$B$18)-(Hypotheses!$B$5*Hypotheses!$B$19+Hypotheses!$B$6)-($B7*Hypotheses!$B$7/(Hypotheses!$B$3*1000000))-Hypotheses!$B$4*Hypotheses!$B$7*(Hypotheses!$B$17/Hypotheses!$B$11*Hypotheses!$B$18)-Hypotheses!$B$12)
B8: 110000 | C8: =(((Hypotheses!$B$17/Hypotheses!$B$11*Hypotheses!$B$18)+C$3)-(Hypotheses!$B$5*Hypotheses!$B$19+Hypotheses!$B$6)-(($B8*(IF(Hypotheses!$B$22="Panama",Hypotheses!$B$8,Hypotheses!$B$9))+(IF(Hypotheses!$B$22="Panama",Hypotheses!$B$10,0)))/(Hypotheses!$B$3*1000000))-Hypotheses!$B$4*(IF(Hypotheses!$B$22="Panama",Hypotheses!$B$8,Hypotheses!$B$9))*((Hypotheses!$B$17/Hypotheses!$B$11*Hypotheses!$B$18)+C$3)-Hypotheses!$B$13)-((Hypotheses!$B$17/Hypotheses!$B$11*Hypotheses!$B$18)-(Hypotheses!$B$5*Hypotheses!$B$19+Hypotheses!$B$6)-($B8*Hypotheses!$B$7/(Hypotheses!$B$3*1000000))-Hypotheses!$B$4*Hypotheses!$B$7*(Hypotheses!$B$17/Hypotheses!$B$11*Hypotheses!$B$18)-Hypotheses!$B$12) | D8: =(((Hypotheses!$B$17/Hypotheses!$B$11*Hypotheses!$B$18)+D$3)-(Hypotheses!$B$5*Hypotheses!$B$19+Hypotheses!$B$6)-(($B8*(IF(Hypotheses!$B$22="Panama",Hypotheses!$B$8,Hypotheses!$B$9))+(IF(Hypotheses!$B$22="Panama",Hypotheses!$B$10,0)))/(Hypotheses!$B$3*1000000))-Hypotheses!$B$4*(IF(Hypotheses!$B$22="Panama",Hypotheses!$B$8,Hypotheses!$B$9))*((Hypotheses!$B$17/Hypotheses!$B$11*Hypotheses!$B$18)+D$3)-Hypotheses!$B$13)-((Hypotheses!$B$17/Hypotheses!$B$11*Hypotheses!$B$18)-(Hypotheses!$B$5*Hypotheses!$B$19+Hypotheses!$B$6)-($B8*Hypotheses!$B$7/(Hypotheses!$B$3*1000000))-Hypotheses!$B$4*Hypotheses!$B$7*(Hypotheses!$B$17/Hypotheses!$B$11*Hypotheses!$B$18)-Hypotheses!$B$12) | E8: =(((Hypotheses!$B$17/Hypotheses!$B$11*Hypotheses!$B$18)+E$3)-(Hypotheses!$B$5*Hypotheses!$B$19+Hypotheses!$B$6)-(($B8*(IF(Hypotheses!$B$22="Panama",Hypotheses!$B$8,Hypotheses!$B$9))+(IF(Hypotheses!$B$22="Panama",Hypotheses!$B$10,0)))/(Hypotheses!$B$3*1000000))-Hypotheses!$B$4*(IF(Hypotheses!$B$22="Panama",Hypotheses!$B$8,Hypotheses!$B$9))*((Hypotheses!$B$17/Hypotheses!$B$11*Hypotheses!$B$18)+E$3)-Hypotheses!$B$13)-((Hypotheses!$B$17/Hypotheses!$B$11*Hypotheses!$B$18)-(Hypotheses!$B$5*Hypotheses!$B$19+Hypotheses!$B$6)-($B8*Hypotheses!$B$7/(Hypotheses!$B$3*1000000))-Hypotheses!$B$4*Hypotheses!$B$7*(Hypotheses!$B$17/Hypotheses!$B$11*Hypotheses!$B$18)-Hypotheses!$B$12) | F8: =(((Hypotheses!$B$17/Hypotheses!$B$11*Hypotheses!$B$18)+F$3)-(Hypotheses!$B$5*Hypotheses!$B$19+Hypotheses!$B$6)-(($B8*(IF(Hypotheses!$B$22="Panama",Hypotheses!$B$8,Hypotheses!$B$9))+(IF(Hypotheses!$B$22="Panama",Hypotheses!$B$10,0)))/(Hypotheses!$B$3*1000000))-Hypotheses!$B$4*(IF(Hypotheses!$B$22="Panama",Hypotheses!$B$8,Hypotheses!$B$9))*((Hypotheses!$B$17/Hypotheses!$B$11*Hypotheses!$B$18)+F$3)-Hypotheses!$B$13)-((Hypotheses!$B$17/Hypotheses!$B$11*Hypotheses!$B$18)-(Hypotheses!$B$5*Hypotheses!$B$19+Hypotheses!$B$6)-($B8*Hypotheses!$B$7/(Hypotheses!$B$3*1000000))-Hypotheses!$B$4*Hypotheses!$B$7*(Hypotheses!$B$17/Hypotheses!$B$11*Hypotheses!$B$18)-Hypotheses!$B$12) | G8: =(((Hypotheses!$B$17/Hypotheses!$B$11*Hypotheses!$B$18)+G$3)-(Hypotheses!$B$5*Hypotheses!$B$19+Hypotheses!$B$6)-(($B8*(IF(Hypotheses!$B$22="Panama",Hypotheses!$B$8,Hypotheses!$B$9))+(IF(Hypotheses!$B$22="Panama",Hypotheses!$B$10,0)))/(Hypotheses!$B$3*1000000))-Hypotheses!$B$4*(IF(Hypotheses!$B$22="Panama",Hypotheses!$B$8,Hypotheses!$B$9))*((Hypotheses!$B$17/Hypotheses!$B$11*Hypotheses!$B$18)+G$3)-Hypotheses!$B$13)-((Hypotheses!$B$17/Hypotheses!$B$11*Hypotheses!$B$18)-(Hypotheses!$B$5*Hypotheses!$B$19+Hypotheses!$B$6)-($B8*Hypotheses!$B$7/(Hypotheses!$B$3*1000000))-Hypotheses!$B$4*Hypotheses!$B$7*(Hypotheses!$B$17/Hypotheses!$B$11*Hypotheses!$B$18)-Hypotheses!$B$12) | H8: =(((Hypotheses!$B$17/Hypotheses!$B$11*Hypotheses!$B$18)+H$3)-(Hypotheses!$B$5*Hypotheses!$B$19+Hypotheses!$B$6)-(($B8*(IF(Hypotheses!$B$22="Panama",Hypotheses!$B$8,Hypotheses!$B$9))+(IF(Hypotheses!$B$22="Panama",Hypotheses!$B$10,0)))/(Hypotheses!$B$3*1000000))-Hypotheses!$B$4*(IF(Hypotheses!$B$22="Panama",Hypotheses!$B$8,Hypotheses!$B$9))*((Hypotheses!$B$17/Hypotheses!$B$11*Hypotheses!$B$18)+H$3)-Hypotheses!$B$13)-((Hypotheses!$B$17/Hypotheses!$B$11*Hypotheses!$B$18)-(Hypotheses!$B$5*Hypotheses!$B$19+Hypotheses!$B$6)-($B8*Hypotheses!$B$7/(Hypotheses!$B$3*1000000))-Hypotheses!$B$4*Hypotheses!$B$7*(Hypotheses!$B$17/Hypotheses!$B$11*Hypotheses!$B$18)-Hypotheses!$B$12) | I8: =(((Hypotheses!$B$17/Hypotheses!$B$11*Hypotheses!$B$18)+I$3)-(Hypotheses!$B$5*Hypotheses!$B$19+Hypotheses!$B$6)-(($B8*(IF(Hypotheses!$B$22="Panama",Hypotheses!$B$8,Hypotheses!$B$9))+(IF(Hypotheses!$B$22="Panama",Hypotheses!$B$10,0)))/(Hypotheses!$B$3*1000000))-Hypotheses!$B$4*(IF(Hypotheses!$B$22="Panama",Hypotheses!$B$8,Hypotheses!$B$9))*((Hypotheses!$B$17/Hypotheses!$B$11*Hypotheses!$B$18)+I$3)-Hypotheses!$B$13)-((Hypotheses!$B$17/Hypotheses!$B$11*Hypotheses!$B$18)-(Hypotheses!$B$5*Hypotheses!$B$19+Hypotheses!$B$6)-($B8*Hypotheses!$B$7/(Hypotheses!$B$3*1000000))-Hypotheses!$B$4*Hypotheses!$B$7*(Hypotheses!$B$17/Hypotheses!$B$11*Hypotheses!$B$18)-Hypotheses!$B$12)
B9: 130000 | C9: =(((Hypotheses!$B$17/Hypotheses!$B$11*Hypotheses!$B$18)+C$3)-(Hypotheses!$B$5*Hypotheses!$B$19+Hypotheses!$B$6)-(($B9*(IF(Hypotheses!$B$22="Panama",Hypotheses!$B$8,Hypotheses!$B$9))+(IF(Hypotheses!$B$22="Panama",Hypotheses!$B$10,0)))/(Hypotheses!$B$3*1000000))-Hypotheses!$B$4*(IF(Hypotheses!$B$22="Panama",Hypotheses!$B$8,Hypotheses!$B$9))*((Hypotheses!$B$17/Hypotheses!$B$11*Hypotheses!$B$18)+C$3)-Hypotheses!$B$13)-((Hypotheses!$B$17/Hypotheses!$B$11*Hypotheses!$B$18)-(Hypotheses!$B$5*Hypotheses!$B$19+Hypotheses!$B$6)-($B9*Hypotheses!$B$7/(Hypotheses!$B$3*1000000))-Hypotheses!$B$4*Hypotheses!$B$7*(Hypotheses!$B$17/Hypotheses!$B$11*Hypotheses!$B$18)-Hypotheses!$B$12) | D9: =(((Hypotheses!$B$17/Hypotheses!$B$11*Hypotheses!$B$18)+D$3)-(Hypotheses!$B$5*Hypotheses!$B$19+Hypotheses!$B$6)-(($B9*(IF(Hypotheses!$B$22="Panama",Hypotheses!$B$8,Hypotheses!$B$9))+(IF(Hypotheses!$B$22="Panama",Hypotheses!$B$10,0)))/(Hypotheses!$B$3*1000000))-Hypotheses!$B$4*(IF(Hypotheses!$B$22="Panama",Hypotheses!$B$8,Hypotheses!$B$9))*((Hypotheses!$B$17/Hypotheses!$B$11*Hypotheses!$B$18)+D$3)-Hypotheses!$B$13)-((Hypotheses!$B$17/Hypotheses!$B$11*Hypotheses!$B$18)-(Hypotheses!$B$5*Hypotheses!$B$19+Hypotheses!$B$6)-($B9*Hypotheses!$B$7/(Hypotheses!$B$3*1000000))-Hypotheses!$B$4*Hypotheses!$B$7*(Hypotheses!$B$17/Hypotheses!$B$11*Hypotheses!$B$18)-Hypotheses!$B$12) | E9: =(((Hypotheses!$B$17/Hypotheses!$B$11*Hypotheses!$B$18)+E$3)-(Hypotheses!$B$5*Hypotheses!$B$19+Hypotheses!$B$6)-(($B9*(IF(Hypotheses!$B$22="Panama",Hypotheses!$B$8,Hypotheses!$B$9))+(IF(Hypotheses!$B$22="Panama",Hypotheses!$B$10,0)))/(Hypotheses!$B$3*1000000))-Hypotheses!$B$4*(IF(Hypotheses!$B$22="Panama",Hypotheses!$B$8,Hypotheses!$B$9))*((Hypotheses!$B$17/Hypotheses!$B$11*Hypotheses!$B$18)+E$3)-Hypotheses!$B$13)-((Hypotheses!$B$17/Hypotheses!$B$11*Hypotheses!$B$18)-(Hypotheses!$B$5*Hypotheses!$B$19+Hypotheses!$B$6)-($B9*Hypotheses!$B$7/(Hypotheses!$B$3*1000000))-Hypotheses!$B$4*Hypotheses!$B$7*(Hypotheses!$B$17/Hypotheses!$B$11*Hypotheses!$B$18)-Hypotheses!$B$12) | F9: =(((Hypotheses!$B$17/Hypotheses!$B$11*Hypotheses!$B$18)+F$3)-(Hypotheses!$B$5*Hypotheses!$B$19+Hypotheses!$B$6)-(($B9*(IF(Hypotheses!$B$22="Panama",Hypotheses!$B$8,Hypotheses!$B$9))+(IF(Hypotheses!$B$22="Panama",Hypotheses!$B$10,0)))/(Hypotheses!$B$3*1000000))-Hypotheses!$B$4*(IF(Hypotheses!$B$22="Panama",Hypotheses!$B$8,Hypotheses!$B$9))*((Hypotheses!$B$17/Hypotheses!$B$11*Hypotheses!$B$18)+F$3)-Hypotheses!$B$13)-((Hypotheses!$B$17/Hypotheses!$B$11*Hypotheses!$B$18)-(Hypotheses!$B$5*Hypotheses!$B$19+Hypotheses!$B$6)-($B9*Hypotheses!$B$7/(Hypotheses!$B$3*1000000))-Hypotheses!$B$4*Hypotheses!$B$7*(Hypotheses!$B$17/Hypotheses!$B$11*Hypotheses!$B$18)-Hypotheses!$B$12) | G9: =(((Hypotheses!$B$17/Hypotheses!$B$11*Hypotheses!$B$18)+G$3)-(Hypotheses!$B$5*Hypotheses!$B$19+Hypotheses!$B$6)-(($B9*(IF(Hypotheses!$B$22="Panama",Hypotheses!$B$8,Hypotheses!$B$9))+(IF(Hypotheses!$B$22="Panama",Hypotheses!$B$10,0)))/(Hypotheses!$B$3*1000000))-Hypotheses!$B$4*(IF(Hypotheses!$B$22="Panama",Hypotheses!$B$8,Hypotheses!$B$9))*((Hypotheses!$B$17/Hypotheses!$B$11*Hypotheses!$B$18)+G$3)-Hypotheses!$B$13)-((Hypotheses!$B$17/Hypotheses!$B$11*Hypotheses!$B$18)-(Hypotheses!$B$5*Hypotheses!$B$19+Hypotheses!$B$6)-($B9*Hypotheses!$B$7/(Hypotheses!$B$3*1000000))-Hypotheses!$B$4*Hypotheses!$B$7*(Hypotheses!$B$17/Hypotheses!$B$11*Hypotheses!$B$18)-Hypotheses!$B$12) | H9: =(((Hypotheses!$B$17/Hypotheses!$B$11*Hypotheses!$B$18)+H$3)-(Hypotheses!$B$5*Hypotheses!$B$19+Hypotheses!$B$6)-(($B9*(IF(Hypotheses!$B$22="Panama",Hypotheses!$B$8,Hypotheses!$B$9))+(IF(Hypotheses!$B$22="Panama",Hypotheses!$B$10,0)))/(Hypotheses!$B$3*1000000))-Hypotheses!$B$4*(IF(Hypotheses!$B$22="Panama",Hypotheses!$B$8,Hypotheses!$B$9))*((Hypotheses!$B$17/Hypotheses!$B$11*Hypotheses!$B$18)+H$3)-Hypotheses!$B$13)-((Hypotheses!$B$17/Hypotheses!$B$11*Hypotheses!$B$18)-(Hypotheses!$B$5*Hypotheses!$B$19+Hypotheses!$B$6)-($B9*Hypotheses!$B$7/(Hypotheses!$B$3*1000000))-Hypotheses!$B$4*Hypotheses!$B$7*(Hypotheses!$B$17/Hypotheses!$B$11*Hypotheses!$B$18)-Hypotheses!$B$12) | I9: =(((Hypotheses!$B$17/Hypotheses!$B$11*Hypotheses!$B$18)+I$3)-(Hypotheses!$B$5*Hypotheses!$B$19+Hypotheses!$B$6)-(($B9*(IF(Hypotheses!$B$22="Panama",Hypotheses!$B$8,Hypotheses!$B$9))+(IF(Hypotheses!$B$22="Panama",Hypotheses!$B$10,0)))/(Hypotheses!$B$3*1000000))-Hypotheses!$B$4*(IF(Hypotheses!$B$22="Panama",Hypotheses!$B$8,Hypotheses!$B$9))*((Hypotheses!$B$17/Hypotheses!$B$11*Hypotheses!$B$18)+I$3)-Hypotheses!$B$13)-((Hypotheses!$B$17/Hypotheses!$B$11*Hypotheses!$B$18)-(Hypotheses!$B$5*Hypotheses!$B$19+Hypotheses!$B$6)-($B9*Hypotheses!$B$7/(Hypotheses!$B$3*1000000))-Hypotheses!$B$4*Hypotheses!$B$7*(Hypotheses!$B$17/Hypotheses!$B$11*Hypotheses!$B$18)-Hypotheses!$B$12)
B10: 150000 | C10: =(((Hypotheses!$B$17/Hypotheses!$B$11*Hypotheses!$B$18)+C$3)-(Hypotheses!$B$5*Hypotheses!$B$19+Hypotheses!$B$6)-(($B10*(IF(Hypotheses!$B$22="Panama",Hypotheses!$B$8,Hypotheses!$B$9))+(IF(Hypotheses!$B$22="Panama",Hypotheses!$B$10,0)))/(Hypotheses!$B$3*1000000))-Hypotheses!$B$4*(IF(Hypotheses!$B$22="Panama",Hypotheses!$B$8,Hypotheses!$B$9))*((Hypotheses!$B$17/Hypotheses!$B$11*Hypotheses!$B$18)+C$3)-Hypotheses!$B$13)-((Hypotheses!$B$17/Hypotheses!$B$11*Hypotheses!$B$18)-(Hypotheses!$B$5*Hypotheses!$B$19+Hypotheses!$B$6)-($B10*Hypotheses!$B$7/(Hypotheses!$B$3*1000000))-Hypotheses!$B$4*Hypotheses!$B$7*(Hypotheses!$B$17/Hypotheses!$B$11*Hypotheses!$B$18)-Hypotheses!$B$12) | D10: =(((Hypotheses!$B$17/Hypotheses!$B$11*Hypotheses!$B$18)+D$3)-(Hypotheses!$B$5*Hypotheses!$B$19+Hypotheses!$B$6)-(($B10*(IF(Hypotheses!$B$22="Panama",Hypotheses!$B$8,Hypotheses!$B$9))+(IF(Hypotheses!$B$22="Panama",Hypotheses!$B$10,0)))/(Hypotheses!$B$3*1000000))-Hypotheses!$B$4*(IF(Hypotheses!$B$22="Panama",Hypotheses!$B$8,Hypotheses!$B$9))*((Hypotheses!$B$17/Hypotheses!$B$11*Hypotheses!$B$18)+D$3)-Hypotheses!$B$13)-((Hypotheses!$B$17/Hypotheses!$B$11*Hypotheses!$B$18)-(Hypotheses!$B$5*Hypotheses!$B$19+Hypotheses!$B$6)-($B10*Hypotheses!$B$7/(Hypotheses!$B$3*1000000))-Hypotheses!$B$4*Hypotheses!$B$7*(Hypotheses!$B$17/Hypotheses!$B$11*Hypotheses!$B$18)-Hypotheses!$B$12) | E10: =(((Hypotheses!$B$17/Hypotheses!$B$11*Hypotheses!$B$18)+E$3)-(Hypotheses!$B$5*Hypotheses!$B$19+Hypotheses!$B$6)-(($B10*(IF(Hypotheses!$B$22="Panama",Hypotheses!$B$8,Hypotheses!$B$9))+(IF(Hypotheses!$B$22="Panama",Hypotheses!$B$10,0)))/(Hypotheses!$B$3*1000000))-Hypotheses!$B$4*(IF(Hypotheses!$B$22="Panama",Hypotheses!$B$8,Hypotheses!$B$9))*((Hypotheses!$B$17/Hypotheses!$B$11*Hypotheses!$B$18)+E$3)-Hypotheses!$B$13)-((Hypotheses!$B$17/Hypotheses!$B$11*Hypotheses!$B$18)-(Hypotheses!$B$5*Hypotheses!$B$19+Hypotheses!$B$6)-($B10*Hypotheses!$B$7/(Hypotheses!$B$3*1000000))-Hypotheses!$B$4*Hypotheses!$B$7*(Hypotheses!$B$17/Hypotheses!$B$11*Hypotheses!$B$18)-Hypotheses!$B$12) | F10: =(((Hypotheses!$B$17/Hypotheses!$B$11*Hypotheses!$B$18)+F$3)-(Hypotheses!$B$5*Hypotheses!$B$19+Hypotheses!$B$6)-(($B10*(IF(Hypotheses!$B$22="Panama",Hypotheses!$B$8,Hypotheses!$B$9))+(IF(Hypotheses!$B$22="Panama",Hypotheses!$B$10,0)))/(Hypotheses!$B$3*1000000))-Hypotheses!$B$4*(IF(Hypotheses!$B$22="Panama",Hypotheses!$B$8,Hypotheses!$B$9))*((Hypotheses!$B$17/Hypotheses!$B$11*Hypotheses!$B$18)+F$3)-Hypotheses!$B$13)-((Hypotheses!$B$17/Hypotheses!$B$11*Hypotheses!$B$18)-(Hypotheses!$B$5*Hypotheses!$B$19+Hypotheses!$B$6)-($B10*Hypotheses!$B$7/(Hypotheses!$B$3*1000000))-Hypotheses!$B$4*Hypotheses!$B$7*(Hypotheses!$B$17/Hypotheses!$B$11*Hypotheses!$B$18)-Hypotheses!$B$12) | G10: =(((Hypotheses!$B$17/Hypotheses!$B$11*Hypotheses!$B$18)+G$3)-(Hypotheses!$B$5*Hypotheses!$B$19+Hypotheses!$B$6)-(($B10*(IF(Hypotheses!$B$22="Panama",Hypotheses!$B$8,Hypotheses!$B$9))+(IF(Hypotheses!$B$22="Panama",Hypotheses!$B$10,0)))/(Hypotheses!$B$3*1000000))-Hypotheses!$B$4*(IF(Hypotheses!$B$22="Panama",Hypotheses!$B$8,Hypotheses!$B$9))*((Hypotheses!$B$17/Hypotheses!$B$11*Hypotheses!$B$18)+G$3)-Hypotheses!$B$13)-((Hypotheses!$B$17/Hypotheses!$B$11*Hypotheses!$B$18)-(Hypotheses!$B$5*Hypotheses!$B$19+Hypotheses!$B$6)-($B10*Hypotheses!$B$7/(Hypotheses!$B$3*1000000))-Hypotheses!$B$4*Hypotheses!$B$7*(Hypotheses!$B$17/Hypotheses!$B$11*Hypotheses!$B$18)-Hypotheses!$B$12) | H10: =(((Hypotheses!$B$17/Hypotheses!$B$11*Hypotheses!$B$18)+H$3)-(Hypotheses!$B$5*Hypotheses!$B$19+Hypotheses!$B$6)-(($B10*(IF(Hypotheses!$B$22="Panama",Hypotheses!$B$8,Hypotheses!$B$9))+(IF(Hypotheses!$B$22="Panama",Hypotheses!$B$10,0)))/(Hypotheses!$B$3*1000000))-Hypotheses!$B$4*(IF(Hypotheses!$B$22="Panama",Hypotheses!$B$8,Hypotheses!$B$9))*((Hypotheses!$B$17/Hypotheses!$B$11*Hypotheses!$B$18)+H$3)-Hypotheses!$B$13)-((Hypotheses!$B$17/Hypotheses!$B$11*Hypotheses!$B$18)-(Hypotheses!$B$5*Hypotheses!$B$19+Hypotheses!$B$6)-($B10*Hypotheses!$B$7/(Hypotheses!$B$3*1000000))-Hypotheses!$B$4*Hypotheses!$B$7*(Hypotheses!$B$17/Hypotheses!$B$11*Hypotheses!$B$18)-Hypotheses!$B$12) | I10: =(((Hypotheses!$B$17/Hypotheses!$B$11*Hypotheses!$B$18)+I$3)-(Hypotheses!$B$5*Hypotheses!$B$19+Hypotheses!$B$6)-(($B10*(IF(Hypotheses!$B$22="Panama",Hypotheses!$B$8,Hypotheses!$B$9))+(IF(Hypotheses!$B$22="Panama",Hypotheses!$B$10,0)))/(Hypotheses!$B$3*1000000))-Hypotheses!$B$4*(IF(Hypotheses!$B$22="Panama",Hypotheses!$B$8,Hypotheses!$B$9))*((Hypotheses!$B$17/Hypotheses!$B$11*Hypotheses!$B$18)+I$3)-Hypotheses!$B$13)-((Hypotheses!$B$17/Hypotheses!$B$11*Hypotheses!$B$18)-(Hypotheses!$B$5*Hypotheses!$B$19+Hypotheses!$B$6)-($B10*Hypotheses!$B$7/(Hypotheses!$B$3*1000000))-Hypotheses!$B$4*Hypotheses!$B$7*(Hypotheses!$B$17/Hypotheses!$B$11*Hypotheses!$B$18)-Hypotheses!$B$12)
